-- Seed data for PostgreSQL. Run after db/init.sql.

INSERT INTO videos (video_id, filename, exercise, quality_label, issue_label, manual_comment, annotation_file, fps, total_frames, duration_sec, width, height, split, source_type) VALUES ('vid_001', 'squat_good_01.mp4', 'squat', 'good', 'correct', 'хороший пример приседа: достаточная глубина и фиксация', 'sample_pose/squat_good_01.csv', 30.0, 240, 8.0, 960, 540, 'train', 'synthetic_demo');
INSERT INTO videos (video_id, filename, exercise, quality_label, issue_label, manual_comment, annotation_file, fps, total_frames, duration_sec, width, height, split, source_type) VALUES ('vid_002', 'squat_good_02.mp4', 'squat', 'good', 'correct', 'хороший пример приседа: повторение выполнено без грубых ошибок', 'sample_pose/squat_good_02.csv', 30.0, 240, 8.0, 960, 540, 'test', 'synthetic_demo');
INSERT INTO videos (video_id, filename, exercise, quality_label, issue_label, manual_comment, annotation_file, fps, total_frames, duration_sec, width, height, split, source_type) VALUES ('vid_003', 'squat_bad_01_shallow_depth.mp4', 'squat', 'bad', 'shallow_depth', 'плохой пример приседа: недостаточная глубина', 'sample_pose/squat_bad_01_shallow_depth.csv', 30.0, 240, 8.0, 960, 540, 'train', 'synthetic_demo');
INSERT INTO videos (video_id, filename, exercise, quality_label, issue_label, manual_comment, annotation_file, fps, total_frames, duration_sec, width, height, split, source_type) VALUES ('vid_004', 'squat_bad_02_forward_lean.mp4', 'squat', 'bad', 'forward_lean', 'плохой пример приседа: сильный наклон корпуса', 'sample_pose/squat_bad_02_forward_lean.csv', 30.0, 240, 8.0, 960, 540, 'test', 'synthetic_demo');
INSERT INTO videos (video_id, filename, exercise, quality_label, issue_label, manual_comment, annotation_file, fps, total_frames, duration_sec, width, height, split, source_type) VALUES ('vid_005', 'bench_good_01.mp4', 'bench', 'good', 'correct', 'хороший пример жима: достаточная амплитуда и фиксация', 'sample_pose/bench_good_01.csv', 30.0, 240, 8.0, 960, 540, 'train', 'synthetic_demo');
INSERT INTO videos (video_id, filename, exercise, quality_label, issue_label, manual_comment, annotation_file, fps, total_frames, duration_sec, width, height, split, source_type) VALUES ('vid_006', 'bench_bad_01_short_range.mp4', 'bench', 'bad', 'short_range', 'плохой пример жима: неполная амплитуда', 'sample_pose/bench_bad_01_short_range.csv', 30.0, 240, 8.0, 960, 540, 'train', 'synthetic_demo');
INSERT INTO videos (video_id, filename, exercise, quality_label, issue_label, manual_comment, annotation_file, fps, total_frames, duration_sec, width, height, split, source_type) VALUES ('vid_007', 'bench_bad_02_hip_rise.mp4', 'bench', 'bad', 'hip_rise', 'плохой пример жима: смещение таза', 'sample_pose/bench_bad_02_hip_rise.csv', 30.0, 240, 8.0, 960, 540, 'test', 'synthetic_demo');
INSERT INTO videos (video_id, filename, exercise, quality_label, issue_label, manual_comment, annotation_file, fps, total_frames, duration_sec, width, height, split, source_type) VALUES ('vid_008', 'deadlift_good_01.mp4', 'deadlift', 'good', 'correct', 'хороший пример тяги: локаут выполнен', 'sample_pose/deadlift_good_01.csv', 30.0, 240, 8.0, 960, 540, 'train', 'synthetic_demo');
INSERT INTO videos (video_id, filename, exercise, quality_label, issue_label, manual_comment, annotation_file, fps, total_frames, duration_sec, width, height, split, source_type) VALUES ('vid_009', 'deadlift_bad_01_no_lockout.mp4', 'deadlift', 'bad', 'no_lockout', 'плохой пример тяги: неполное выпрямление', 'sample_pose/deadlift_bad_01_no_lockout.csv', 30.0, 240, 8.0, 960, 540, 'train', 'synthetic_demo');
INSERT INTO videos (video_id, filename, exercise, quality_label, issue_label, manual_comment, annotation_file, fps, total_frames, duration_sec, width, height, split, source_type) VALUES ('vid_010', 'deadlift_bad_02_bar_far.mp4', 'deadlift', 'bad', 'bar_far', 'плохой пример тяги: штанга далеко от линии стопы', 'sample_pose/deadlift_bad_02_bar_far.csv', 30.0, 240, 8.0, 960, 540, 'test', 'synthetic_demo');
INSERT INTO analysis_results (video_id, auto_exercise, program_score, program_status, program_issues, reps_found, pose_found_ratio, visibility, body_side) VALUES ('vid_001', 'squat', 100, 'хорошо', 'основные критерии выполнены', 2, 1.0, 0.95, 'left');
INSERT INTO analysis_results (video_id, auto_exercise, program_score, program_status, program_issues, reps_found, pose_found_ratio, visibility, body_side) VALUES ('vid_002', 'squat', 100, 'хорошо', 'основные критерии выполнены', 2, 1.0, 0.95, 'left');
INSERT INTO analysis_results (video_id, auto_exercise, program_score, program_status, program_issues, reps_found, pose_found_ratio, visibility, body_side) VALUES ('vid_003', 'deadlift', 65, 'нужно исправить', 'глубина приседа недостаточная или плохо видна; есть обратное движение во время подъема', 1, 1.0, 0.95, 'left');
INSERT INTO analysis_results (video_id, auto_exercise, program_score, program_status, program_issues, reps_found, pose_found_ratio, visibility, body_side) VALUES ('vid_004', 'squat', 65, 'нужно исправить', 'в верхней точке колени не полностью выпрямлены; корпус сильно наклонен вперед; есть обратное движение во время подъема', 1, 1.0, 0.95, 'left');
INSERT INTO analysis_results (video_id, auto_exercise, program_score, program_status, program_issues, reps_found, pose_found_ratio, visibility, body_side) VALUES ('vid_005', 'bench', 100, 'хорошо', 'основные критерии выполнены', 2, 1.0, 0.95, 'left');
INSERT INTO analysis_results (video_id, auto_exercise, program_score, program_status, program_issues, reps_found, pose_found_ratio, visibility, body_side) VALUES ('vid_006', 'bench', 70, 'есть небольшие замечания', 'амплитуда жима недостаточная или касание груди не видно; есть обратное движение во время подъема', 1, 1.0, 0.95, 'left');
INSERT INTO analysis_results (video_id, auto_exercise, program_score, program_status, program_issues, reps_found, pose_found_ratio, visibility, body_side) VALUES ('vid_007', 'bench', 75, 'есть небольшие замечания', 'таз заметно смещается во время жима; траектория кисти сильно смещается по горизонтали', 2, 1.0, 0.95, 'left');
INSERT INTO analysis_results (video_id, auto_exercise, program_score, program_status, program_issues, reps_found, pose_found_ratio, visibility, body_side) VALUES ('vid_008', 'deadlift', 100, 'хорошо', 'основные критерии выполнены', 2, 1.0, 0.95, 'left');
INSERT INTO analysis_results (video_id, auto_exercise, program_score, program_status, program_issues, reps_found, pose_found_ratio, visibility, body_side) VALUES ('vid_009', 'deadlift', 65, 'нужно исправить', 'нет полного разгибания таза в конце тяги; видно заметное обратное движение снаряда', 1, 1.0, 0.95, 'left');
INSERT INTO analysis_results (video_id, auto_exercise, program_score, program_status, program_issues, reps_found, pose_found_ratio, visibility, body_side) VALUES ('vid_010', 'deadlift', 80, 'есть небольшие замечания', 'в начале движения корпус слишком наклонен; штанга находится далеко от линии стопы', 2, 1.0, 0.95, 'left');
INSERT INTO rep_results (video_id, rep_no, start_sec, bottom_sec, end_sec, score, status, issues, metrics_json) VALUES ('vid_001', 1, 0.87, 1.97, 3.1, 100, 'хорошо', 'основные критерии выполнены', '{"knee_angle_min": 109.171, "depth_margin_y": 0.03, "torso_angle_bottom": 21.787, "top_knee_angle": 150.94, "reversal_sum": 0.0, "visibility": 0.95, "elbow_angle_min": null, "top_elbow_angle": null, "hip_motion_y": null, "wrist_x_motion": null, "pause_sec_proxy": null, "hip_top_angle": null, "knee_top_angle": null, "torso_start_angle": null, "wrist_ankle_dx": null, "wrist_reversal_y": null}'::jsonb);
INSERT INTO rep_results (video_id, rep_no, start_sec, bottom_sec, end_sec, score, status, issues, metrics_json) VALUES ('vid_001', 2, 4.87, 5.93, 7.1, 100, 'хорошо', 'основные критерии выполнены', '{"knee_angle_min": 109.171, "depth_margin_y": 0.03, "torso_angle_bottom": 21.787, "top_knee_angle": 150.94, "reversal_sum": 0.0, "visibility": 0.95, "elbow_angle_min": null, "top_elbow_angle": null, "hip_motion_y": null, "wrist_x_motion": null, "pause_sec_proxy": null, "hip_top_angle": null, "knee_top_angle": null, "torso_start_angle": null, "wrist_ankle_dx": null, "wrist_reversal_y": null}'::jsonb);
INSERT INTO rep_results (video_id, rep_no, start_sec, bottom_sec, end_sec, score, status, issues, metrics_json) VALUES ('vid_002', 1, 0.9, 1.97, 3.1, 100, 'хорошо', 'основные критерии выполнены', '{"knee_angle_min": 109.028, "depth_margin_y": 0.02, "torso_angle_bottom": 17.868, "top_knee_angle": 151.287, "reversal_sum": 0.0, "visibility": 0.95, "elbow_angle_min": null, "top_elbow_angle": null, "hip_motion_y": null, "wrist_x_motion": null, "pause_sec_proxy": null, "hip_top_angle": null, "knee_top_angle": null, "torso_start_angle": null, "wrist_ankle_dx": null, "wrist_reversal_y": null}'::jsonb);
INSERT INTO rep_results (video_id, rep_no, start_sec, bottom_sec, end_sec, score, status, issues, metrics_json) VALUES ('vid_002', 2, 4.87, 5.93, 7.07, 100, 'хорошо', 'основные критерии выполнены', '{"knee_angle_min": 109.028, "depth_margin_y": 0.02, "torso_angle_bottom": 17.868, "top_knee_angle": 151.287, "reversal_sum": 0.0, "visibility": 0.95, "elbow_angle_min": null, "top_elbow_angle": null, "hip_motion_y": null, "wrist_x_motion": null, "pause_sec_proxy": null, "hip_top_angle": null, "knee_top_angle": null, "torso_start_angle": null, "wrist_ankle_dx": null, "wrist_reversal_y": null}'::jsonb);
INSERT INTO rep_results (video_id, rep_no, start_sec, bottom_sec, end_sec, score, status, issues, metrics_json) VALUES ('vid_003', 1, 0.0, 1.97, 7.97, 65, 'нужно исправить', 'глубина приседа недостаточная или плохо видна; есть обратное движение во время подъема', '{"knee_angle_min": 152.679, "depth_margin_y": -0.1, "torso_angle_bottom": 7.758, "top_knee_angle": 168.617, "reversal_sum": 15.931, "visibility": 0.95, "elbow_angle_min": null, "top_elbow_angle": null, "hip_motion_y": null, "wrist_x_motion": null, "pause_sec_proxy": null, "hip_top_angle": null, "knee_top_angle": null, "torso_start_angle": null, "wrist_ankle_dx": null, "wrist_reversal_y": null}'::jsonb);
INSERT INTO rep_results (video_id, rep_no, start_sec, bottom_sec, end_sec, score, status, issues, metrics_json) VALUES ('vid_004', 1, 0.0, 2.27, 7.97, 65, 'нужно исправить', 'в верхней точке колени не полностью выпрямлены; корпус сильно наклонен вперед; есть обратное движение во время подъема', '{"knee_angle_min": 109.737, "depth_margin_y": 0.03, "torso_angle_bottom": 64.093, "top_knee_angle": 147.612, "reversal_sum": 38.078, "visibility": 0.95, "elbow_angle_min": null, "top_elbow_angle": null, "hip_motion_y": null, "wrist_x_motion": null, "pause_sec_proxy": null, "hip_top_angle": null, "knee_top_angle": null, "torso_start_angle": null, "wrist_ankle_dx": null, "wrist_reversal_y": null}'::jsonb);
INSERT INTO rep_results (video_id, rep_no, start_sec, bottom_sec, end_sec, score, status, issues, metrics_json) VALUES ('vid_005', 1, 0.97, 1.97, 3.0, 100, 'хорошо', 'основные критерии выполнены', '{"knee_angle_min": null, "depth_margin_y": null, "torso_angle_bottom": null, "top_knee_angle": null, "reversal_sum": 0.0, "visibility": 0.95, "elbow_angle_min": 106.8, "top_elbow_angle": 151.034, "hip_motion_y": 0.0, "wrist_x_motion": 0.016, "pause_sec_proxy": 0.533, "hip_top_angle": null, "knee_top_angle": null, "torso_start_angle": null, "wrist_ankle_dx": null, "wrist_reversal_y": null}'::jsonb);
INSERT INTO rep_results (video_id, rep_no, start_sec, bottom_sec, end_sec, score, status, issues, metrics_json) VALUES ('vid_005', 2, 4.97, 5.93, 7.0, 100, 'хорошо', 'основные критерии выполнены', '{"knee_angle_min": null, "depth_margin_y": null, "torso_angle_bottom": null, "top_knee_angle": null, "reversal_sum": 0.0, "visibility": 0.95, "elbow_angle_min": 106.8, "top_elbow_angle": 151.034, "hip_motion_y": 0.0, "wrist_x_motion": 0.016, "pause_sec_proxy": 0.533, "hip_top_angle": null, "knee_top_angle": null, "torso_start_angle": null, "wrist_ankle_dx": null, "wrist_reversal_y": null}'::jsonb);
INSERT INTO rep_results (video_id, rep_no, start_sec, bottom_sec, end_sec, score, status, issues, metrics_json) VALUES ('vid_006', 1, 0.0, 1.97, 7.97, 70, 'есть небольшие замечания', 'амплитуда жима недостаточная или касание груди не видно; есть обратное движение во время подъема', '{"knee_angle_min": null, "depth_margin_y": null, "torso_angle_bottom": null, "top_knee_angle": null, "reversal_sum": 29.667, "visibility": 0.95, "elbow_angle_min": 150.301, "top_elbow_angle": 179.986, "hip_motion_y": 0.0, "wrist_x_motion": 0.01, "pause_sec_proxy": 1.6, "hip_top_angle": null, "knee_top_angle": null, "torso_start_angle": null, "wrist_ankle_dx": null, "wrist_reversal_y": null}'::jsonb);
INSERT INTO rep_results (video_id, rep_no, start_sec, bottom_sec, end_sec, score, status, issues, metrics_json) VALUES ('vid_007', 1, 0.6, 1.97, 3.4, 75, 'есть небольшие замечания', 'таз заметно смещается во время жима; траектория кисти сильно смещается по горизонтали', '{"knee_angle_min": null, "depth_margin_y": null, "torso_angle_bottom": null, "top_knee_angle": null, "reversal_sum": 0.0, "visibility": 0.95, "elbow_angle_min": 76.151, "top_elbow_angle": 151.883, "hip_motion_y": 0.128, "wrist_x_motion": 0.257, "pause_sec_proxy": 0.633, "hip_top_angle": null, "knee_top_angle": null, "torso_start_angle": null, "wrist_ankle_dx": null, "wrist_reversal_y": null}'::jsonb);
INSERT INTO rep_results (video_id, rep_no, start_sec, bottom_sec, end_sec, score, status, issues, metrics_json) VALUES ('vid_007', 2, 4.57, 5.93, 7.37, 75, 'есть небольшие замечания', 'таз заметно смещается во время жима; траектория кисти сильно смещается по горизонтали', '{"knee_angle_min": null, "depth_margin_y": null, "torso_angle_bottom": null, "top_knee_angle": null, "reversal_sum": 0.0, "visibility": 0.95, "elbow_angle_min": 76.151, "top_elbow_angle": 151.883, "hip_motion_y": 0.128, "wrist_x_motion": 0.257, "pause_sec_proxy": 0.633, "hip_top_angle": null, "knee_top_angle": null, "torso_start_angle": null, "wrist_ankle_dx": null, "wrist_reversal_y": null}'::jsonb);
INSERT INTO rep_results (video_id, rep_no, start_sec, bottom_sec, end_sec, score, status, issues, metrics_json) VALUES ('vid_008', 1, 0.63, 1.97, 3.33, 100, 'хорошо', 'основные критерии выполнены', '{"knee_angle_min": null, "depth_margin_y": null, "torso_angle_bottom": null, "top_knee_angle": null, "reversal_sum": null, "visibility": 0.95, "elbow_angle_min": null, "top_elbow_angle": null, "hip_motion_y": null, "wrist_x_motion": null, "pause_sec_proxy": null, "hip_top_angle": 151.263, "knee_top_angle": 170.209, "torso_start_angle": 58.194, "wrist_ankle_dx": 0.0, "wrist_reversal_y": 0.0}'::jsonb);
INSERT INTO rep_results (video_id, rep_no, start_sec, bottom_sec, end_sec, score, status, issues, metrics_json) VALUES ('vid_008', 2, 4.63, 5.93, 7.33, 100, 'хорошо', 'основные критерии выполнены', '{"knee_angle_min": null, "depth_margin_y": null, "torso_angle_bottom": null, "top_knee_angle": null, "reversal_sum": null, "visibility": 0.95, "elbow_angle_min": null, "top_elbow_angle": null, "hip_motion_y": null, "wrist_x_motion": null, "pause_sec_proxy": null, "hip_top_angle": 151.263, "knee_top_angle": 170.209, "torso_start_angle": 58.194, "wrist_ankle_dx": 0.0, "wrist_reversal_y": 0.0}'::jsonb);
INSERT INTO rep_results (video_id, rep_no, start_sec, bottom_sec, end_sec, score, status, issues, metrics_json) VALUES ('vid_009', 1, 0.0, 1.97, 7.97, 65, 'нужно исправить', 'нет полного разгибания таза в конце тяги; видно заметное обратное движение снаряда', '{"knee_angle_min": null, "depth_margin_y": null, "torso_angle_bottom": null, "top_knee_angle": null, "reversal_sum": null, "visibility": 0.95, "elbow_angle_min": null, "top_elbow_angle": null, "hip_motion_y": null, "wrist_x_motion": null, "pause_sec_proxy": null, "hip_top_angle": 75.521, "knee_top_angle": 150.248, "torso_start_angle": 59.735, "wrist_ankle_dx": 0.03, "wrist_reversal_y": 0.09}'::jsonb);
INSERT INTO rep_results (video_id, rep_no, start_sec, bottom_sec, end_sec, score, status, issues, metrics_json) VALUES ('vid_010', 1, 0.53, 2.27, 3.43, 80, 'есть небольшие замечания', 'в начале движения корпус слишком наклонен; штанга находится далеко от линии стопы', '{"knee_angle_min": null, "depth_margin_y": null, "torso_angle_bottom": null, "top_knee_angle": null, "reversal_sum": null, "visibility": 0.95, "elbow_angle_min": null, "top_elbow_angle": null, "hip_motion_y": null, "wrist_x_motion": null, "pause_sec_proxy": null, "hip_top_angle": 152.194, "knee_top_angle": 171.002, "torso_start_angle": 78.311, "wrist_ankle_dx": 0.22, "wrist_reversal_y": 0.0}'::jsonb);
INSERT INTO rep_results (video_id, rep_no, start_sec, bottom_sec, end_sec, score, status, issues, metrics_json) VALUES ('vid_010', 2, 4.53, 6.23, 7.43, 80, 'есть небольшие замечания', 'в начале движения корпус слишком наклонен; штанга находится далеко от линии стопы', '{"knee_angle_min": null, "depth_margin_y": null, "torso_angle_bottom": null, "top_knee_angle": null, "reversal_sum": null, "visibility": 0.95, "elbow_angle_min": null, "top_elbow_angle": null, "hip_motion_y": null, "wrist_x_motion": null, "pause_sec_proxy": null, "hip_top_angle": 152.194, "knee_top_angle": 171.002, "torso_start_angle": 78.311, "wrist_ankle_dx": 0.22, "wrist_reversal_y": 0.0}'::jsonb);